clustering_stat 	 all
transform 	 all
fa 	 all
dimred_stat 	 all
fa_plot 	 all
outliers 	 all
kpca 	 all
kmeans_fit 	 all
gmm_fit 	 all
dimred_plot 	 all
pca 	 all
kpca_plot 	 all
clustering_fit_plot 	 all
pca_plot 	 all
transform 	 clustering_stat
kmeans_fit 	 transform
outliers 	 transform
gmm_fit 	 transform
pca 	 dimred_stat
fa 	 dimred_stat
kpca 	 dimred_stat
fa 	 fa_plot
pca 	 outliers
fa 	 outliers
kpca 	 outliers
outliers 	 kmeans_fit
outliers 	 gmm_fit
dimred_stat 	 dimred_plot
kpca 	 kpca_plot
kmeans_fit 	 clustering_fit_plot
gmm_fit 	 clustering_fit_plot
pca 	 pca_plot
